<?xml version="1.0" encoding="utf-8" ?>
<gadget>
    <name>SQL Gadget</name>
    <namespace>hectorcorrea.com</namespace>
    <version>1.0</version>
    <author name="Hector Correa">
        <info url="www.hectorcorrea.com" />
    </author>
    <copyright>2007</copyright>
    <description>A gadget to launch SQL Management Studio</description>
    <hosts>
        <host name="sidebar">
            <base type="HTML" apiVersion="1.0.0" src="sqlgadget.html" />
            <permissions>full</permissions>
            <platform minPlatformVersion="0.3" />
        </host>
    </hosts>
</gadget>
